Даты ввода;Даты вывода
;31.01.2026
;31.01.2026
;31.01.2026
;31.01.2026
;31.01.2026
;31.01.2026
;31.01.2026
;31.01.2026
;31.01.2026
;31.01.2026
;31.01.2026
;31.01.2026
;31.01.2026
;31.01.2026
31.01.2026;"31.01.2026
27.01.2026
31.01.2026"
;31.01.2026
;31.01.2026
;31.01.2026
;31.01.2026
;31.01.2026
;31.01.2026
;31.01.2026
;31.01.2026
;31.01.2026
;31.01.2026
;31.01.2026
;31.01.2026
;31.01.2026
;31.01.2026
;31.01.2026
;31.01.2026
;31.01.2026
;31.01.2026
;31.01.2026
;31.01.2026
;31.01.2026
;31.01.2026
;31.01.2026
;31.01.2026
;31.01.2026
;31.01.2026
;31.01.2026
;31.01.2026
;31.01.2026
;31.01.2026
;31.01.2026
;31.01.2026
;31.01.2026
;31.01.2026
;31.01.2026
;31.01.2026
;31.01.2026
;31.01.2026
;31.01.2026
;31.01.2026
;31.01.2026
;31.01.2026
;31.01.2026
;31.01.2026
;31.01.2026
;31.01.2026
;31.01.2026
;31.01.2026
;31.01.2026
;31.01.2026
;31.01.2026
;31.01.2026
;31.01.2026
;31.01.2026
;31.01.2026
;31.01.2026
;31.01.2026
;31.01.2026
;31.01.2026
;31.01.2026
;31.01.2026
;31.01.2026
;31.01.2026
;31.01.2026
;31.01.2026
;31.01.2026
;31.01.2026
;31.01.2026
;31.01.2026
;31.01.2026
;31.01.2026
;31.01.2026
;31.01.2026
;31.01.2026
;31.01.2026
;31.01.2026
;31.01.2026
;31.01.2026
;31.01.2026
;31.01.2026
;31.01.2026
;31.01.2026
;31.01.2026
;31.01.2026
;31.01.2026
;31.01.2026
;31.01.2026
;31.01.2026
;31.01.2026
;31.01.2026
;31.01.2026
;31.01.2026
;31.01.2026
;31.01.2026
;31.01.2026
;31.01.2026
;31.01.2026
;31.01.2026
;31.01.2026
;31.01.2026
;31.01.2026
;31.01.2026
;31.01.2026
;31.01.2026
;31.01.2026
;31.01.2026
;31.01.2026
;31.01.2026
;31.01.2026
;31.01.2026
;31.01.2026
;31.01.2026
;31.01.2026
;31.01.2026
;31.01.2026
;31.01.2026
;31.01.2026
;31.01.2026
;31.01.2026
;31.01.2026
;31.01.2026
;31.01.2026
;31.01.2026
;31.01.2026
;31.01.2026
;31.01.2026
;31.01.2026
;31.01.2026
;31.01.2026
;31.01.2026
;31.01.2026
;31.01.2026
;31.01.2026
;31.01.2026
;31.01.2026
;31.01.2026
;31.01.2026
;31.01.2026
;31.01.2026
;31.01.2026
;31.01.2026
;31.01.2026
;31.01.2026
;31.01.2026
;31.01.2026
;31.01.2026
;31.01.2026
;31.01.2026
;31.01.2026
;31.01.2026
;31.01.2026
;31.01.2026
;31.01.2026
;31.01.2026
;31.01.2026
;31.01.2026
;31.01.2026
;31.01.2026
;31.01.2026
;31.01.2026
;31.01.2026
;31.01.2026
;31.01.2026
;31.01.2026
;31.01.2026
;31.01.2026
;31.01.2026
;31.01.2026
;31.01.2026
;31.01.2026
;31.01.2026
;31.01.2026
;31.01.2026
;31.01.2026
;31.01.2026
;31.01.2026
;31.01.2026
;31.01.2026
;31.01.2026
;31.01.2026
;31.01.2026
;31.01.2026
;31.01.2026
;31.01.2026
;31.01.2026
;31.01.2026
;31.01.2026
;31.01.2026
;31.01.2026
;31.01.2026
;31.01.2026
;31.01.2026
;31.01.2026
;31.01.2026
;31.01.2026
;31.01.2026
;31.01.2026
;31.01.2026
;31.01.2026
;31.01.2026
;31.01.2026
;31.01.2026
;31.01.2026
;31.01.2026
;31.01.2026
;31.01.2026
;31.01.2026
;31.01.2026
;31.01.2026
;31.01.2026
;31.01.2026
;31.01.2026
;31.01.2026
;31.01.2026
;31.01.2026
;31.01.2026
;31.01.2026
;31.01.2026
;31.01.2026
;31.01.2026
;31.01.2026
;31.01.2026
;31.01.2026
;31.01.2026
;31.01.2026
;31.01.2026
;31.01.2026
;31.01.2026
;31.01.2026
;31.01.2026
;31.01.2026
;31.01.2026
;31.01.2026
;31.01.2026
;31.01.2026
;31.01.2026
;31.01.2026
;31.01.2026
;31.01.2026
;31.01.2026
;31.01.2026
;31.01.2026
;31.01.2026
;31.01.2026
;31.01.2026
;31.01.2026
;31.01.2026
;31.01.2026
;31.01.2026
;31.01.2026
;31.01.2026
;31.01.2026
;31.01.2026
;31.01.2026
;31.01.2026
;31.01.2026
;31.01.2026
;31.01.2026
;31.01.2026
;31.01.2026
;31.01.2026
;31.01.2026
;31.01.2026
;31.01.2026
;31.01.2026
;31.01.2026
;31.01.2026
;31.01.2026
;31.01.2026
;31.01.2026
;31.01.2026
;31.01.2026
;31.01.2026
;31.01.2026
;31.01.2026
;31.01.2026
;31.01.2026
;31.01.2026
;31.01.2026
;31.01.2026
;31.01.2026
;31.01.2026
;31.01.2026
;31.01.2026
;31.01.2026
;31.01.2026
;31.01.2026
;31.01.2026
;31.01.2026
;31.01.2026
;31.01.2026
;31.01.2026
;31.01.2026
;31.01.2026
;31.01.2026
;31.01.2026
;31.01.2026
;31.01.2026
;31.01.2026
;31.01.2026
;31.01.2026
;31.01.2026
;31.01.2026
;31.01.2026
;31.01.2026
;31.01.2026
;31.01.2026
;31.01.2026
;31.01.2026
;31.01.2026
;31.01.2026
;31.01.2026
;31.01.2026
;31.01.2026
;31.01.2026
;31.01.2026
;31.01.2026
;31.01.2026
;31.01.2026
;31.01.2026
;31.01.2026
;31.01.2026
